---,Color,Points,ShotCost
Fast,"(R=0.000000,G=1.000000,B=0.000000,A=1.000000)","2","1"
Slow,"(R=0.000000,G=0.000000,B=0.000000,A=0.000000)","3","1"
Shrink,"(R=1.000000,G=1.000000,B=0.000000,A=0.000000)","4","1"
Expand,"(R=0.000000,G=0.000000,B=1.000000,A=0.000000)","5","1"
ReverseControl,"(R=1.000000,G=1.000000,B=1.000000,A=0.000000)","6","1"
LightsOff,"(R=0.000000,G=0.000000,B=0.000000,A=0.000000)","7","1"
Empty,"(R=0.500000,G=0.500000,B=0.500000,A=0.000000)","8","1"
